[{"model": "admin.logentry", "pk": 1, "fields": {"action_time": "2025-08-12T04:05:45.965Z", "user": 1, "content_type": 6, "object_id": "2", "object_repr": "patient@patient.com", "action_flag": 1, "change_message": "[{\"added\": {}}]"}}, {"model": "admin.logentry", "pk": 2, "fields": {"action_time": "2025-08-12T04:13:54.283Z", "user": 1, "content_type": 6, "object_id": "2", "object_repr": "patient@patient.com", "action_flag": 2, "change_message": "[]"}}, {"model": "admin.logentry", "pk": 3, "fields": {"action_time": "2025-08-12T04:14:26.308Z", "user": 1, "content_type": 6, "object_id": "2", "object_repr": "patient@patient.com", "action_flag": 2, "change_message": "[{\"changed\": {\"fields\": [\"Password\"]}}]"}}, {"model": "admin.logentry", "pk": 4, "fields": {"action_time": "2025-08-12T04:14:32.435Z", "user": 1, "content_type": 6, "object_id": "2", "object_repr": "patient@patient.com", "action_flag": 2, "change_message": "[]"}}, {"model": "admin.logentry", "pk": 5, "fields": {"action_time": "2025-08-12T04:15:29.052Z", "user": 1, "content_type": 6, "object_id": "1", "object_repr": "admin@admin.com", "action_flag": 2, "change_message": "[{\"changed\": {\"fields\": [\"Role\"]}}]"}}, {"model": "admin.logentry", "pk": 6, "fields": {"action_time": "2025-08-12T04:16:58.222Z", "user": 1, "content_type": 6, "object_id": "2", "object_repr": "patient@patient.com", "action_flag": 2, "change_message": "[{\"changed\": {\"fields\": [\"Last login\"]}}]"}}, {"model": "admin.logentry", "pk": 7, "fields": {"action_time": "2025-08-12T12:35:11.208Z", "user": 1, "content_type": 6, "object_id": "2", "object_repr": "patient@patient.com", "action_flag": 2, "change_message": "[{\"changed\": {\"fields\": [\"First name\", \"Last name\"]}}]"}}, {"model": "admin.logentry", "pk": 8, "fields": {"action_time": "2025-08-12T12:35:48.991Z", "user": 1, "content_type": 6, "object_id": "2", "object_repr": "patient@patient.com", "action_flag": 3, "change_message": ""}}, {"model": "admin.logentry", "pk": 9, "fields": {"action_time": "2025-08-12T13:25:47.876Z", "user": 1, "content_type": 14, "object_id": "1", "object_repr": "KholDaniel@gmail.com", "action_flag": 1, "change_message": "[{\"added\": {}}]"}}, {"model": "admin.logentry", "pk": 10, "fields": {"action_time": "2025-08-12T13:26:15.751Z", "user": 1, "content_type": 13, "object_id": "1", "object_repr": "Record for Khol on 2025-08-12 13:26:15.749512+00:00", "action_flag": 1, "change_message": "[{\"added\": {}}]"}}, {"model": "admin.logentry", "pk": 11, "fields": {"action_time": "2025-08-12T13:27:09.735Z", "user": 1, "content_type": 15, "object_id": "1", "object_repr": "Comment by Khol Daniel", "action_flag": 1, "change_message": "[{\"added\": {}}]"}}, {"model": "admin.logentry", "pk": 12, "fields": {"action_time": "2025-08-12T13:28:24.759Z", "user": 1, "content_type": 13, "object_id": "1", "object_repr": "Record for Khol Daniel on 2025-08-12 13:26:15.749512+00:00", "action_flag": 2, "change_message": "[{\"changed\": {\"fields\": [\"File\"]}}]"}}, {"model": "admin.logentry", "pk": 13, "fields": {"action_time": "2025-08-13T17:24:21.574Z", "user": 1, "content_type": 19, "object_id": "1", "object_repr": "Paracetamol (50 pcs)", "action_flag": 1, "change_message": "[{\"added\": {}}]"}}, {"model": "admin.logentry", "pk": 14, "fields": {"action_time": "2025-08-14T18:22:00.557Z", "user": 1, "content_type": 19, "object_id": "4", "object_repr": "shabu (500 pcs)", "action_flag": 2, "change_message": "[]"}}, {"model": "admin.logentry", "pk": 15, "fields": {"action_time": "2025-08-15T14:55:05.607Z", "user": 1, "content_type": 6, "object_id": "3", "object_repr": "KholDaniel@gmail.com", "action_flag": 2, "change_message": "[{\"changed\": {\"fields\": [\"Hospital\"]}}]"}}, {"model": "admin.logentry", "pk": 16, "fields": {"action_time": "2025-08-15T18:23:02.098Z", "user": 1, "content_type": 12, "object_id": "1", "object_repr": "MRI machine (2 units - working)", "action_flag": 2, "change_message": "[{\"changed\": {\"fields\": [\"Hospital\"]}}]"}}, {"model": "admin.logentry", "pk": 17, "fields": {"action_time": "2025-08-15T18:27:12.364Z", "user": 1, "content_type": 6, "object_id": "5", "object_repr": "user1@gmail.com", "action_flag": 2, "change_message": "[{\"changed\": {\"fields\": [\"Email address\"]}}]"}}, {"model": "admin.logentry", "pk": 18, "fields": {"action_time": "2025-08-15T18:29:59.736Z", "user": 1, "content_type": 19, "object_id": "4", "object_repr": "shabu (500 pcs)", "action_flag": 2, "change_message": "[{\"changed\": {\"fields\": [\"Hospital\"]}}]"}}, {"model": "admin.logentry", "pk": 19, "fields": {"action_time": "2025-08-15T19:21:10.988Z", "user": 1, "content_type": 11, "object_id": "2", "object_repr": "Band-aid (123 pcs)", "action_flag": 3, "change_message": ""}}, {"model": "admin.logentry", "pk": 20, "fields": {"action_time": "2025-08-15T19:21:31.691Z", "user": 1, "content_type": 11, "object_id": "5", "object_repr": "Band-aid (50 pcs)", "action_flag": 2, "change_message": "[]"}}, {"model": "admin.logentry", "pk": 21, "fields": {"action_time": "2025-08-15T19:24:32.608Z", "user": 1, "content_type": 11, "object_id": "3", "object_repr": "Medical Gauze (420 pcs)", "action_flag": 2, "change_message": "[{\"changed\": {\"fields\": [\"Hospital\"]}}]"}}, {"model": "admin.logentry", "pk": 22, "fields": {"action_time": "2025-08-16T15:34:32.311Z", "user": 1, "content_type": 17, "object_id": "2", "object_repr": "Paracetamol (1 units) for KholDaniel@gmail.com", "action_flag": 3, "change_message": ""}}, {"model": "admin.logentry", "pk": 23, "fields": {"action_time": "2025-08-16T15:34:32.311Z", "user": 1, "content_type": 17, "object_id": "1", "object_repr": "Paracetamol (1 units) for KholDaniel@gmail.com", "action_flag": 3, "change_message": ""}}, {"model": "admin.logentry", "pk": 24, "fields": {"action_time": "2025-08-16T15:52:55.030Z", "user": 1, "content_type": 17, "object_id": "5", "object_repr": "Cocaine (5 units) for KholDaniel@gmail.com", "action_flag": 2, "change_message": "[]"}}, {"model": "admin.logentry", "pk": 25, "fields": {"action_time": "2025-08-16T16:15:40.432Z", "user": 1, "content_type": 18, "object_id": "2", "object_repr": "ibuprofen x 100 by KholDaniel@gmail.com", "action_flag": 3, "change_message": ""}}, {"model": "admin.logentry", "pk": 26, "fields": {"action_time": "2025-08-16T16:15:40.432Z", "user": 1, "content_type": 18, "object_id": "1", "object_repr": "Paracetamol x 5 by KholDaniel@gmail.com", "action_flag": 3, "change_message": ""}}, {"model": "admin.logentry", "pk": 27, "fields": {"action_time": "2025-08-16T19:28:13.185Z", "user": 1, "content_type": 17, "object_id": "9", "object_repr": "marijuana (10 units) for KholDaniel@gmail.com", "action_flag": 2, "change_message": "[{\"changed\": {\"fields\": [\"Is active\"]}}]"}}, {"model": "admin.logentry", "pk": 28, "fields": {"action_time": "2025-08-16T19:34:21.477Z", "user": 1, "content_type": 8, "object_id": "4", "object_repr": "AUF", "action_flag": 2, "change_message": "[{\"changed\": {\"fields\": [\"Name\"]}}]"}}, {"model": "admin.logentry", "pk": 29, "fields": {"action_time": "2025-08-26T19:08:48.876Z", "user": 1, "content_type": 16, "object_id": "3", "object_repr": "123 (AUF)", "action_flag": 1, "change_message": "[{\"added\": {}}]"}}, {"model": "auth.permission", "pk": 1, "fields": {"name": "Can add log entry", "content_type": 1, "codename": "add_logentry"}}, {"model": "auth.permission", "pk": 2, "fields": {"name": "Can change log entry", "content_type": 1, "codename": "change_logentry"}}, {"model": "auth.permission", "pk": 3, "fields": {"name": "Can delete log entry", "content_type": 1, "codename": "delete_logentry"}}, {"model": "auth.permission", "pk": 4, "fields": {"name": "Can view log entry", "content_type": 1, "codename": "view_logentry"}}, {"model": "auth.permission", "pk": 5, "fields": {"name": "Can add permission", "content_type": 2, "codename": "add_permission"}}, {"model": "auth.permission", "pk": 6, "fields": {"name": "Can change permission", "content_type": 2, "codename": "change_permission"}}, {"model": "auth.permission", "pk": 7, "fields": {"name": "Can delete permission", "content_type": 2, "codename": "delete_permission"}}, {"model": "auth.permission", "pk": 8, "fields": {"name": "Can view permission", "content_type": 2, "codename": "view_permission"}}, {"model": "auth.permission", "pk": 9, "fields": {"name": "Can add group", "content_type": 3, "codename": "add_group"}}, {"model": "auth.permission", "pk": 10, "fields": {"name": "Can change group", "content_type": 3, "codename": "change_group"}}, {"model": "auth.permission", "pk": 11, "fields": {"name": "Can delete group", "content_type": 3, "codename": "delete_group"}}, {"model": "auth.permission", "pk": 12, "fields": {"name": "Can view group", "content_type": 3, "codename": "view_group"}}, {"model": "auth.permission", "pk": 13, "fields": {"name": "Can add content type", "content_type": 4, "codename": "add_contenttype"}}, {"model": "auth.permission", "pk": 14, "fields": {"name": "Can change content type", "content_type": 4, "codename": "change_contenttype"}}, {"model": "auth.permission", "pk": 15, "fields": {"name": "Can delete content type", "content_type": 4, "codename": "delete_contenttype"}}, {"model": "auth.permission", "pk": 16, "fields": {"name": "Can view content type", "content_type": 4, "codename": "view_contenttype"}}, {"model": "auth.permission", "pk": 17, "fields": {"name": "Can add session", "content_type": 5, "codename": "add_session"}}, {"model": "auth.permission", "pk": 18, "fields": {"name": "Can change session", "content_type": 5, "codename": "change_session"}}, {"model": "auth.permission", "pk": 19, "fields": {"name": "Can delete session", "content_type": 5, "codename": "delete_session"}}, {"model": "auth.permission", "pk": 20, "fields": {"name": "Can view session", "content_type": 5, "codename": "view_session"}}, {"model": "auth.permission", "pk": 21, "fields": {"name": "Can add custom user", "content_type": 6, "codename": "add_customuser"}}, {"model": "auth.permission", "pk": 22, "fields": {"name": "Can change custom user", "content_type": 6, "codename": "change_customuser"}}, {"model": "auth.permission", "pk": 23, "fields": {"name": "Can delete custom user", "content_type": 6, "codename": "delete_customuser"}}, {"model": "auth.permission", "pk": 24, "fields": {"name": "Can view custom user", "content_type": 6, "codename": "view_customuser"}}, {"model": "auth.permission", "pk": 25, "fields": {"name": "Can add department", "content_type": 7, "codename": "add_department"}}, {"model": "auth.permission", "pk": 26, "fields": {"name": "Can change department", "content_type": 7, "codename": "change_department"}}, {"model": "auth.permission", "pk": 27, "fields": {"name": "Can delete department", "content_type": 7, "codename": "delete_department"}}, {"model": "auth.permission", "pk": 28, "fields": {"name": "Can view department", "content_type": 7, "codename": "view_department"}}, {"model": "auth.permission", "pk": 29, "fields": {"name": "Can add hospital", "content_type": 8, "codename": "add_hospital"}}, {"model": "auth.permission", "pk": 30, "fields": {"name": "Can change hospital", "content_type": 8, "codename": "change_hospital"}}, {"model": "auth.permission", "pk": 31, "fields": {"name": "Can delete hospital", "content_type": 8, "codename": "delete_hospital"}}, {"model": "auth.permission", "pk": 32, "fields": {"name": "Can view hospital", "content_type": 8, "codename": "view_hospital"}}, {"model": "auth.permission", "pk": 33, "fields": {"name": "Can add medication", "content_type": 9, "codename": "add_medication"}}, {"model": "auth.permission", "pk": 34, "fields": {"name": "Can change medication", "content_type": 9, "codename": "change_medication"}}, {"model": "auth.permission", "pk": 35, "fields": {"name": "Can delete medication", "content_type": 9, "codename": "delete_medication"}}, {"model": "auth.permission", "pk": 36, "fields": {"name": "Can view medication", "content_type": 9, "codename": "view_medication"}}, {"model": "auth.permission", "pk": 37, "fields": {"name": "Can add medication order", "content_type": 10, "codename": "add_medicationorder"}}, {"model": "auth.permission", "pk": 38, "fields": {"name": "Can change medication order", "content_type": 10, "codename": "change_medicationorder"}}, {"model": "auth.permission", "pk": 39, "fields": {"name": "Can delete medication order", "content_type": 10, "codename": "delete_medicationorder"}}, {"model": "auth.permission", "pk": 40, "fields": {"name": "Can view medication order", "content_type": 10, "codename": "view_medicationorder"}}, {"model": "auth.permission", "pk": 41, "fields": {"name": "Can add medical supply", "content_type": 11, "codename": "add_medicalsupply"}}, {"model": "auth.permission", "pk": 42, "fields": {"name": "Can change medical supply", "content_type": 11, "codename": "change_medicalsupply"}}, {"model": "auth.permission", "pk": 43, "fields": {"name": "Can delete medical supply", "content_type": 11, "codename": "delete_medicalsupply"}}, {"model": "auth.permission", "pk": 44, "fields": {"name": "Can view medical supply", "content_type": 11, "codename": "view_medicalsupply"}}, {"model": "auth.permission", "pk": 45, "fields": {"name": "Can add equipment", "content_type": 12, "codename": "add_equipment"}}, {"model": "auth.permission", "pk": 46, "fields": {"name": "Can change equipment", "content_type": 12, "codename": "change_equipment"}}, {"model": "auth.permission", "pk": 47, "fields": {"name": "Can delete equipment", "content_type": 12, "codename": "delete_equipment"}}, {"model": "auth.permission", "pk": 48, "fields": {"name": "Can view equipment", "content_type": 12, "codename": "view_equipment"}}, {"model": "auth.permission", "pk": 49, "fields": {"name": "Can add medical record", "content_type": 13, "codename": "add_medicalrecord"}}, {"model": "auth.permission", "pk": 50, "fields": {"name": "Can change medical record", "content_type": 13, "codename": "change_medicalrecord"}}, {"model": "auth.permission", "pk": 51, "fields": {"name": "Can delete medical record", "content_type": 13, "codename": "delete_medicalrecord"}}, {"model": "auth.permission", "pk": 52, "fields": {"name": "Can view medical record", "content_type": 13, "codename": "view_medicalrecord"}}, {"model": "auth.permission", "pk": 53, "fields": {"name": "Can add patient profile", "content_type": 14, "codename": "add_patientprofile"}}, {"model": "auth.permission", "pk": 54, "fields": {"name": "Can change patient profile", "content_type": 14, "codename": "change_patientprofile"}}, {"model": "auth.permission", "pk": 55, "fields": {"name": "Can delete patient profile", "content_type": 14, "codename": "delete_patientprofile"}}, {"model": "auth.permission", "pk": 56, "fields": {"name": "Can view patient profile", "content_type": 14, "codename": "view_patientprofile"}}, {"model": "auth.permission", "pk": 57, "fields": {"name": "Can add comment", "content_type": 15, "codename": "add_comment"}}, {"model": "auth.permission", "pk": 58, "fields": {"name": "Can change comment", "content_type": 15, "codename": "change_comment"}}, {"model": "auth.permission", "pk": 59, "fields": {"name": "Can delete comment", "content_type": 15, "codename": "delete_comment"}}, {"model": "auth.permission", "pk": 60, "fields": {"name": "Can view comment", "content_type": 15, "codename": "view_comment"}}, {"model": "auth.permission", "pk": 61, "fields": {"name": "Can add report", "content_type": 16, "codename": "add_report"}}, {"model": "auth.permission", "pk": 62, "fields": {"name": "Can change report", "content_type": 16, "codename": "change_report"}}, {"model": "auth.permission", "pk": 63, "fields": {"name": "Can delete report", "content_type": 16, "codename": "delete_report"}}, {"model": "auth.permission", "pk": 64, "fields": {"name": "Can view report", "content_type": 16, "codename": "view_report"}}, {"model": "auth.permission", "pk": 65, "fields": {"name": "Can add prescription", "content_type": 17, "codename": "add_prescription"}}, {"model": "auth.permission", "pk": 66, "fields": {"name": "Can change prescription", "content_type": 17, "codename": "change_prescription"}}, {"model": "auth.permission", "pk": 67, "fields": {"name": "Can delete prescription", "content_type": 17, "codename": "delete_prescription"}}, {"model": "auth.permission", "pk": 68, "fields": {"name": "Can view prescription", "content_type": 17, "codename": "view_prescription"}}, {"model": "auth.permission", "pk": 69, "fields": {"name": "Can add purchase", "content_type": 18, "codename": "add_purchase"}}, {"model": "auth.permission", "pk": 70, "fields": {"name": "Can change purchase", "content_type": 18, "codename": "change_purchase"}}, {"model": "auth.permission", "pk": 71, "fields": {"name": "Can delete purchase", "content_type": 18, "codename": "delete_purchase"}}, {"model": "auth.permission", "pk": 72, "fields": {"name": "Can view purchase", "content_type": 18, "codename": "view_purchase"}}, {"model": "auth.permission", "pk": 73, "fields": {"name": "Can add medication", "content_type": 19, "codename": "add_medication"}}, {"model": "auth.permission", "pk": 74, "fields": {"name": "Can change medication", "content_type": 19, "codename": "change_medication"}}, {"model": "auth.permission", "pk": 75, "fields": {"name": "Can delete medication", "content_type": 19, "codename": "delete_medication"}}, {"model": "auth.permission", "pk": 76, "fields": {"name": "Can view medication", "content_type": 19, "codename": "view_medication"}}, {"model": "contenttypes.contenttype", "pk": 1, "fields": {"app_label": "admin", "model": "logentry"}}, {"model": "contenttypes.contenttype", "pk": 2, "fields": {"app_label": "auth", "model": "permission"}}, {"model": "contenttypes.contenttype", "pk": 3, "fields": {"app_label": "auth", "model": "group"}}, {"model": "contenttypes.contenttype", "pk": 4, "fields": {"app_label": "contenttypes", "model": "contenttype"}}, {"model": "contenttypes.contenttype", "pk": 5, "fields": {"app_label": "sessions", "model": "session"}}, {"model": "contenttypes.contenttype", "pk": 6, "fields": {"app_label": "accounts", "model": "customuser"}}, {"model": "contenttypes.contenttype", "pk": 7, "fields": {"app_label": "hospitals", "model": "department"}}, {"model": "contenttypes.contenttype", "pk": 8, "fields": {"app_label": "hospitals", "model": "hospital"}}, {"model": "contenttypes.contenttype", "pk": 9, "fields": {"app_label": "pharmacy", "model": "medication"}}, {"model": "contenttypes.contenttype", "pk": 10, "fields": {"app_label": "pharmacy", "model": "medicationorder"}}, {"model": "contenttypes.contenttype", "pk": 11, "fields": {"app_label": "inventory", "model": "medicalsupply"}}, {"model": "contenttypes.contenttype", "pk": 12, "fields": {"app_label": "inventory", "model": "equipment"}}, {"model": "contenttypes.contenttype", "pk": 13, "fields": {"app_label": "patients", "model": "medicalrecord"}}, {"model": "contenttypes.contenttype", "pk": 14, "fields": {"app_label": "patients", "model": "patientprofile"}}, {"model": "contenttypes.contenttype", "pk": 15, "fields": {"app_label": "patients", "model": "comment"}}, {"model": "contenttypes.contenttype", "pk": 16, "fields": {"app_label": "reports", "model": "report"}}, {"model": "contenttypes.contenttype", "pk": 17, "fields": {"app_label": "pharmacy", "model": "prescription"}}, {"model": "contenttypes.contenttype", "pk": 18, "fields": {"app_label": "pharmacy", "model": "purchase"}}, {"model": "contenttypes.contenttype", "pk": 19, "fields": {"app_label": "inventory", "model": "medication"}}, {"model": "sessions.session", "pk": "dv5rhxb3p9yfhp77gm9xjoplwfnkulr8", "fields": {"session_data": "e30:1uloFe:VwrAnBU8s9vsrB5nlBvBS-zCS11-wFzsWAf_v2fr4x4", "expire_date": "2025-08-26T12:37:14.137Z"}}, {"model": "sessions.session", "pk": "f7z21g7ar8wdj8ivoosi0ar163bfr6fg", "fields": {"session_data": "e30:1ulogP:G4aRvIqNLf34LeVJx_WlGdDmKwgegCGix_MZLcPeVPA", "expire_date": "2025-08-26T13:04:53.278Z"}}, {"model": "sessions.session", "pk": "jioh3rs9g2mjjkmj0romp2hmfocpfkf6", "fields": {"session_data": ".eJxVjEsOwiAUAO_C2pBH-RWX7nsG8niAVA0kpV0Z725IutDtzGTezOOxF3_0tPk1sisT7PLLAtIz1SHiA-u9cWp139bAR8JP2_nSYnrdzvZvULCXsQ1JE8wkNYo5OgRBNpPIgMaaJKR1hsBFlJPKGnQK1lgnlaKQYXKZ2OcL40o3zg:1us1Ut:HETJlJj0oCTWQLS-ryXZfTqIZ_lySjGTcj4QE0Yp3R4", "expire_date": "2025-09-12T15:58:39.123Z"}}, {"model": "sessions.session", "pk": "l3zv4gb7dlpvvhafenea2cld63z5q1x5", "fields": {"session_data": "e30:1ulgQJ:R8Jk5qM7XtH6G--vHpqtul8M_uk9ZCuH9x2MiTxViek", "expire_date": "2025-08-26T04:15:43.422Z"}}, {"model": "sessions.session", "pk": "mmy5h44az9a64vaim875idini3a6rcqp", "fields": {"session_data": "e30:1ulohw:-FGQmoakBHeDJkhNo3hpHtMU51sPFdK60d4AwszWjNM", "expire_date": "2025-08-26T13:06:28.009Z"}}, {"model": "sessions.session", "pk": "rnelruvd95bpqcru7127qpl1lm316ne5", "fields": {"session_data": "e30:1ulofr:RLtGSHmGwsBDSBjiImsYfI_HpqUy0hu_6V6IlXLdmp4", "expire_date": "2025-08-26T13:04:19.196Z"}}, {"model": "sessions.session", "pk": "uokzj59rtca3rxggmlotesktwl5kymd3", "fields": {"session_data": "e30:1uloGF:pJtY2S-ovtu8yFY6Z9BNz9AV1GfdocfBkUTvfCnvH04", "expire_date": "2025-08-26T12:37:51.098Z"}}, {"model": "accounts.customuser", "pk": 1, "fields": {"password": "pbkdf2_sha256$1000000$Wg855Bx9PoeVZ0Ap2U3Ixf$QwRhBEQOAE/huMEbW3cIogDLOuYGg1iH8feG+xtXnlA=", "last_login": "2025-08-29T15:58:39.116Z", "is_superuser": true, "email": "admin@admin.com", "first_name": "admin", "last_name": "admin", "is_staff": true, "is_active": true, "date_joined": "2025-08-11T15:02:24Z", "role": "Admin", "hospital": null, "groups": [], "user_permissions": []}}, {"model": "accounts.customuser", "pk": 3, "fields": {"password": "pbkdf2_sha256$1000000$QaH8o4IRvBEydUYjCAKnGx$W8tp0RIBuIhQxn/vJ/wVowQm0qZu1bNmYjZ/RdYR5EU=", "last_login": "2025-08-26T18:33:11.956Z", "is_superuser": false, "email": "KholDaniel@gmail.com", "first_name": "Khol", "last_name": "Daniel", "is_staff": false, "is_active": true, "date_joined": "2025-08-12T12:37:13Z", "role": "Patient", "hospital": 4, "groups": [], "user_permissions": []}}, {"model": "accounts.customuser", "pk": 4, "fields": {"password": "pbkdf2_sha256$1000000$kA4qJlOdGZJsyca7b1bLVn$AW5t9kYaEjQhOy23SAv7AhpBAo6eIiJyQYpRB80bPLc=", "last_login": "2025-08-12T13:06:52.906Z", "is_superuser": false, "email": "OliverKurt@gmail.com", "first_name": "Oliver", "last_name": "Kurt", "is_staff": false, "is_active": true, "date_joined": "2025-08-12T13:04:18.432Z", "role": "Patient", "hospital": 5, "groups": [], "user_permissions": []}}, {"model": "accounts.customuser", "pk": 5, "fields": {"password": "pbkdf2_sha256$1000000$0EuxDSU826sdhunbGngLg7$iBd8cKBQrhVyX94Tkhak6RzO9Z7v656T384rEbj/mFg=", "last_login": "2025-08-19T16:09:45.307Z", "is_superuser": false, "email": "user1@gmail.com", "first_name": "user1", "last_name": "user1", "is_staff": false, "is_active": true, "date_joined": "2025-08-15T18:26:44Z", "role": "Patient", "hospital": 4, "groups": [], "user_permissions": []}}, {"model": "accounts.customuser", "pk": 6, "fields": {"password": "pbkdf2_sha256$1000000$zgOCQbKFWc2tRVo89FTX3d$KyMDoLXAARolrf9WANF2R+CCOaZPX/cvPr9YJFPnXOw=", "last_login": "2025-08-26T19:17:23.066Z", "is_superuser": false, "email": "user2@gmail.com", "first_name": "user2", "last_name": "user2", "is_staff": false, "is_active": true, "date_joined": "2025-08-15T18:51:53.480Z", "role": "Staff", "hospital": 4, "groups": [], "user_permissions": []}}, {"model": "accounts.customuser", "pk": 7, "fields": {"password": "pbkdf2_sha256$1000000$f6Jn46qV1Uolws22SpAdct$l9cgZqh/zGSsRsxbgLQnEx5R+wgXL68xI28IdWCNiMo=", "last_login": null, "is_superuser": false, "email": "user3@gmail.com", "first_name": "user3", "last_name": "user3", "is_staff": false, "is_active": true, "date_joined": "2025-08-15T19:09:46.592Z", "role": "Staff", "hospital": 5, "groups": [], "user_permissions": []}}, {"model": "accounts.customuser", "pk": 8, "fields": {"password": "pbkdf2_sha256$1000000$XOpRkQt5GIq2GyHusJXpuJ$OVANl6QGlQsAktC2Jzyw4Qz5wF7rZizDhuMQ8g0V5ec=", "last_login": null, "is_superuser": false, "email": "user4@gmail.com", "first_name": "user4", "last_name": "user4", "is_staff": false, "is_active": true, "date_joined": "2025-08-16T19:09:57.188Z", "role": "Staff", "hospital": 4, "groups": [], "user_permissions": []}}, {"model": "accounts.customuser", "pk": 9, "fields": {"password": "pbkdf2_sha256$1000000$BeYhiYDWyZRDYya8gr3OSX$8SaeZXmSwln9tb4NNPUUDvfeS6ZVNG+fT0yITW3xdrQ=", "last_login": null, "is_superuser": false, "email": "user5@gmail.com", "first_name": "user5", "last_name": "user5", "is_staff": false, "is_active": true, "date_joined": "2025-08-16T19:14:52.750Z", "role": "Staff", "hospital": 5, "groups": [], "user_permissions": []}}, {"model": "accounts.customuser", "pk": 10, "fields": {"password": "pbkdf2_sha256$1000000$eAp8OhMALNrFWNyDWnpcwW$Ga9Aq7RUUivmrg7sBTbKqSC8v3YPj8LqSVg2Y30Cy7Q=", "last_login": null, "is_superuser": false, "email": "user6@gmail.com", "first_name": "user6", "last_name": "user6", "is_staff": false, "is_active": true, "date_joined": "2025-08-16T19:17:06.755Z", "role": "Staff", "hospital": 4, "groups": [], "user_permissions": []}}, {"model": "accounts.customuser", "pk": 11, "fields": {"password": "pbkdf2_sha256$1000000$N4l9FnjDVbNHZKftJta6jt$GAT6YAfj+sHBa/aWWfTCwK6DamgItKqlV5qJzZDvMdY=", "last_login": null, "is_superuser": false, "email": "user7@gmail.com", "first_name": "user7", "last_name": "user7", "is_staff": false, "is_active": true, "date_joined": "2025-08-16T19:22:35.947Z", "role": "Staff", "hospital": 5, "groups": [], "user_permissions": []}}, {"model": "accounts.customuser", "pk": 12, "fields": {"password": "pbkdf2_sha256$1000000$hy46hUVg8Xjl1rVX7foeI8$LxafuC9HX9YNE8Uk+jsZ0meKGYuGHZxCOQQ8LlfW8+w=", "last_login": null, "is_superuser": false, "email": "DGH@gmail.com", "first_name": "Daniel", "last_name": "Herrera", "is_staff": false, "is_active": true, "date_joined": "2025-08-16T19:36:35.588Z", "role": "Patient", "hospital": 6, "groups": [], "user_permissions": []}}, {"model": "accounts.customuser", "pk": 13, "fields": {"password": "pbkdf2_sha256$1000000$DC92t2lP7GRclZDhBVjVGL$t8PTURBZjDqp/Vu0wBCY1VcUV/Fv9JPRbgOK7h1ht2I=", "last_login": null, "is_superuser": false, "email": "user8@gmail.com", "first_name": "user8", "last_name": "user8", "is_staff": false, "is_active": true, "date_joined": "2025-08-19T13:48:55.859Z", "role": "Patient", "hospital": 6, "groups": [], "user_permissions": []}}, {"model": "accounts.customuser", "pk": 14, "fields": {"password": "pbkdf2_sha256$1000000$3OwcIYKsaOsDdvFYvuPzyA$M3f0DK8LF/NlOuFD9AkjaxdgqUXe5BRZTbL3fX18pvc=", "last_login": null, "is_superuser": false, "email": "user123@gmail.com", "first_name": "user123", "last_name": "user", "is_staff": false, "is_active": true, "date_joined": "2025-08-29T15:59:20.124Z", "role": "Admin", "hospital": null, "groups": [], "user_permissions": []}}, {"model": "accounts.customuser", "pk": 15, "fields": {"password": "pbkdf2_sha256$1000000$wn8mrEaZn2yIDyWmADe0AG$+1I9Vds4BgtJwMWPExtEMICL3yHYY1iOgpMYIACkSew=", "last_login": null, "is_superuser": false, "email": "user1234@gmail.com", "first_name": "user1234", "last_name": "user", "is_staff": false, "is_active": true, "date_joined": "2025-08-29T16:00:28.027Z", "role": "Staff", "hospital": 4, "groups": [], "user_permissions": []}}, {"model": "hospitals.hospital", "pk": 4, "fields": {"name": "AUF", "address": "salapungan", "contact_number": "123123123", "email": "auf@hospital.com", "description": "wawawawawa"}}, {"model": "hospitals.hospital", "pk": 5, "fields": {"name": "Hospital B", "address": "123", "contact_number": "123", "email": "HospB@gmail.com", "description": "Hospital B"}}, {"model": "hospitals.hospital", "pk": 6, "fields": {"name": "Pampanga", "address": "Pampanga", "contact_number": "123456789", "email": "pampanga@gmail.com", "description": "pampanga"}}, {"model": "pharmacy.prescription", "pk": 3, "fields": {"patient": 3, "medication": 5, "prescribed_by": 6, "quantity": 1, "date_prescribed": "2025-08-16T15:36:24.959Z", "is_active": false}}, {"model": "pharmacy.prescription", "pk": 4, "fields": {"patient": 3, "medication": 5, "prescribed_by": 6, "quantity": 1, "date_prescribed": "2025-08-16T15:37:04.890Z", "is_active": false}}, {"model": "pharmacy.prescription", "pk": 5, "fields": {"patient": 3, "medication": 5, "prescribed_by": 6, "quantity": 5, "date_prescribed": "2025-08-16T15:40:15.221Z", "is_active": false}}, {"model": "pharmacy.prescription", "pk": 6, "fields": {"patient": 3, "medication": 5, "prescribed_by": 6, "quantity": 10, "date_prescribed": "2025-08-16T16:16:10.841Z", "is_active": false}}, {"model": "pharmacy.prescription", "pk": 7, "fields": {"patient": 3, "medication": 5, "prescribed_by": 6, "quantity": 10, "date_prescribed": "2025-08-16T16:17:33.047Z", "is_active": false}}, {"model": "pharmacy.prescription", "pk": 8, "fields": {"patient": 3, "medication": 5, "prescribed_by": 6, "quantity": 23, "date_prescribed": "2025-08-16T19:19:41.734Z", "is_active": false}}, {"model": "pharmacy.prescription", "pk": 9, "fields": {"patient": 3, "medication": 7, "prescribed_by": 6, "quantity": 10, "date_prescribed": "2025-08-16T19:24:40.058Z", "is_active": false}}, {"model": "pharmacy.prescription", "pk": 10, "fields": {"patient": 3, "medication": 7, "prescribed_by": 6, "quantity": 10, "date_prescribed": "2025-08-19T16:06:39.968Z", "is_active": false}}, {"model": "pharmacy.prescription", "pk": 11, "fields": {"patient": 5, "medication": 7, "prescribed_by": 6, "quantity": 10, "date_prescribed": "2025-08-19T16:09:12.063Z", "is_active": false}}, {"model": "pharmacy.purchase", "pk": 3, "fields": {"patient": 3, "medication": 5, "quantity": 1, "date_purchased": "2025-08-16T15:38:52.923Z", "hospital": 4}}, {"model": "pharmacy.purchase", "pk": 4, "fields": {"patient": 3, "medication": 5, "quantity": 5, "date_purchased": "2025-08-16T15:54:51.374Z", "hospital": 4}}, {"model": "pharmacy.purchase", "pk": 5, "fields": {"patient": 3, "medication": 5, "quantity": 1, "date_purchased": "2025-08-16T15:55:05.851Z", "hospital": 4}}, {"model": "pharmacy.purchase", "pk": 6, "fields": {"patient": 3, "medication": 5, "quantity": 10, "date_purchased": "2025-08-16T16:19:06.499Z", "hospital": 4}}, {"model": "pharmacy.purchase", "pk": 7, "fields": {"patient": 3, "medication": 5, "quantity": 10, "date_purchased": "2025-08-16T16:19:08.604Z", "hospital": 4}}, {"model": "pharmacy.purchase", "pk": 8, "fields": {"patient": 3, "medication": 5, "quantity": 23, "date_purchased": "2025-08-16T19:19:55.632Z", "hospital": 4}}, {"model": "pharmacy.purchase", "pk": 9, "fields": {"patient": 3, "medication": 7, "quantity": 10, "date_purchased": "2025-08-16T19:25:41.182Z", "hospital": 4}}, {"model": "pharmacy.purchase", "pk": 10, "fields": {"patient": 3, "medication": 7, "quantity": 10, "date_purchased": "2025-08-16T19:28:30.054Z", "hospital": 4}}, {"model": "pharmacy.purchase", "pk": 11, "fields": {"patient": 3, "medication": 7, "quantity": 10, "date_purchased": "2025-08-19T16:06:57.382Z", "hospital": 4}}, {"model": "pharmacy.purchase", "pk": 12, "fields": {"patient": 3, "medication": 6, "quantity": 10, "date_purchased": "2025-08-19T16:07:30.890Z", "hospital": 4}}, {"model": "pharmacy.purchase", "pk": 13, "fields": {"patient": 5, "medication": 7, "quantity": 10, "date_purchased": "2025-08-19T16:09:48.503Z", "hospital": 4}}, {"model": "inventory.medication", "pk": 1, "fields": {"name": "Paracetamol", "description": "pampagaling", "quantity": 45, "unit": "pcs", "price": "1.00", "prescription_required": false, "hospital": null, "created_at": "2025-08-13T17:24:21.573Z", "updated_at": "2025-08-14T18:22:29.737Z"}}, {"model": "inventory.medication", "pk": 2, "fields": {"name": "ibuprofen", "description": "tanggal sakit", "quantity": 23, "unit": "pcs", "price": "2.00", "prescription_required": false, "hospital": null, "created_at": "2025-08-14T17:43:19.537Z", "updated_at": "2025-08-14T18:14:35.367Z"}}, {"model": "inventory.medication", "pk": 3, "fields": {"name": "Amoxicilin", "description": "wa", "quantity": 123, "unit": "pcs", "price": "3.00", "prescription_required": false, "hospital": null, "created_at": "2025-08-14T17:44:21.348Z", "updated_at": "2025-08-14T17:44:21.348Z"}}, {"model": "inventory.medication", "pk": 4, "fields": {"name": "shabu", "description": "dangerous", "quantity": 500, "unit": "pcs", "price": "100.00", "prescription_required": true, "hospital": 5, "created_at": "2025-08-14T18:21:41.652Z", "updated_at": "2025-08-15T18:29:59.735Z"}}, {"model": "inventory.medication", "pk": 5, "fields": {"name": "Cocaine", "description": "bawal sa bata", "quantity": 0, "unit": "pcs", "price": "100.00", "prescription_required": true, "hospital": 4, "created_at": "2025-08-16T15:35:29.654Z", "updated_at": "2025-08-16T19:19:55.630Z"}}, {"model": "inventory.medication", "pk": 6, "fields": {"name": "Paracetamol", "description": "wa", "quantity": 40, "unit": "pcs", "price": "1.00", "prescription_required": false, "hospital": 4, "created_at": "2025-08-16T15:35:54.332Z", "updated_at": "2025-08-19T16:07:30.885Z"}}, {"model": "inventory.medication", "pk": 7, "fields": {"name": "marijuana", "description": "bad when abused", "quantity": 4600, "unit": "pcs", "price": "10000.00", "prescription_required": true, "hospital": 4, "created_at": "2025-08-16T19:24:33.291Z", "updated_at": "2025-08-27T14:57:49.941Z"}}, {"model": "inventory.medicalsupply", "pk": 3, "fields": {"name": "Medical Gauze", "description": "oo", "quantity": 420, "unit": "pcs", "hospital": 5, "created_at": "2025-08-15T19:10:27.928Z", "updated_at": "2025-08-15T19:24:32.607Z"}}, {"model": "inventory.medicalsupply", "pk": 4, "fields": {"name": "Scissors", "description": "snip snip", "quantity": 50, "unit": "pcs", "hospital": 4, "created_at": "2025-08-15T19:18:00.246Z", "updated_at": "2025-08-15T19:18:00.246Z"}}, {"model": "inventory.medicalsupply", "pk": 5, "fields": {"name": "Band-aid", "description": "takip", "quantity": 50, "unit": "pcs", "hospital": 4, "created_at": "2025-08-15T19:21:24.671Z", "updated_at": "2025-08-15T19:21:31.690Z"}}, {"model": "inventory.equipment", "pk": 1, "fields": {"name": "MRI machine", "description": "working", "quantity": 2, "status": "working", "hospital": 4, "created_at": "2025-08-13T17:19:18.576Z", "updated_at": "2025-08-15T18:23:02.096Z"}}, {"model": "patients.patientprofile", "pk": 1, "fields": {"user": 3, "date_of_birth": "2005-01-01", "gender": "male", "blood_type": "O+", "phone_number": "123123", "address": "saan", "allergies": "peanuts", "chronic_conditions": "n/a", "medications": "n/a", "emergency_contact_name": "asd", "emergency_contact_number": "asd", "emergency_contact_relation": "asd", "date_created": "2025-08-24T12:43:31.644Z"}}, {"model": "patients.patientprofile", "pk": 2, "fields": {"user": 4, "date_of_birth": "2025-08-25", "gender": "male", "blood_type": "O+", "phone_number": "1233112", "address": "saan", "allergies": "oo", "chronic_conditions": "siguro", "medications": "ewan", "emergency_contact_name": "yung", "emergency_contact_number": "0321", "emergency_contact_relation": "tatay", "date_created": "2025-08-24T18:40:16.533Z"}}, {"model": "patients.medicalrecord", "pk": 1, "fields": {"patient": 1, "record_date": "2025-08-12T13:26:15.749Z", "description": "may sakit", "file": "medical_records/OBJOR_CHM_qZGKGk1.pdf"}}, {"model": "patients.medicalrecord", "pk": 2, "fields": {"patient": 1, "record_date": "2025-08-16T18:56:12.785Z", "description": "xcd", "file": ""}}, {"model": "patients.medicalrecord", "pk": 3, "fields": {"patient": 1, "record_date": "2025-08-22T19:06:08.641Z", "description": "asdasd", "file": ""}}, {"model": "reports.report", "pk": 2, "fields": {"hospital": 5, "title": "nireport", "generated_by": 1, "created_at": "2025-08-16T15:17:31.587Z", "file": "", "description": "okay naman sya dol"}}, {"model": "reports.report", "pk": 3, "fields": {"hospital": 4, "title": "123", "generated_by": 1, "created_at": "2025-08-26T19:08:48.859Z", "file": "reports/OBJOR_CHM_sADhMYq.pdf", "description": "123123"}}]